,diarization error rate,total,correct,correct,false alarm,false alarm,missed detection,missed detection,confusion,confusion
,%,,,%,,%,,%,,%
item,,,,,,,,,,
REDLAT_BE00179_CraftIm.txt,67.02879251740215,35.618004,32.9722,92.5717229971674,21.228513999999997,59.60051551456953,1.4065180000000042,3.9488961818298525,1.2392859999999999,3.4793808210027715
REDLAT_BE00145_Phonological.txt,5.9842418905799795,56.160798,52.8,94.01575810942003,0.0,0.0,3.3607980000000035,5.98424189057998,0.0,0.0
REDLAT_BE00160_Phonological.txt,196.58891788164158,20.264067999999998,19.833578,97.87559931204338,39.406422000000006,194.46451719368494,0.43048999999999893,2.124400687956628,0.0,0.0
REDLAT_BE00187_Phonological.txt,72.53551976904944,34.46693299999998,34.073081999999985,98.8573076693537,24.606918000000015,71.39282743840315,0.39385099999999795,1.1426923306462984,0.0,0.0
REDLAT_BE00130_Phonological.txt,140.95187089236413,26.144449,20.980642000000003,80.24893544323692,31.687282999999997,121.20080633560109,2.251731999999996,8.612658082792244,2.9120749999999997,11.138406473970822
REDLAT_BE00145_CraftDe.txt,26.2294360316642,17.991542000000003,16.396231,91.13299460379771,3.1237689999999985,17.36243063546192,1.5953109999999995,8.867005396202279,0.0,0.0
REDLAT_BE00156_Phonological2.txt,450.453036866171,8.679094999999997,6.9819240000000065,80.44529988437745,37.398075999999996,430.8983367505484,1.6971709999999902,19.55470011562255,0.0,0.0
REDLAT_BE00130_Fugu.txt,107.24519736509424,70.20365000000001,46.25844800000001,65.89179907312511,51.34484099999999,73.13699643821936,1.3484910000000099,1.9208274783433763,22.596711,32.18737344853152
REDLAT_BE00132_Fugu.txt,14.878584621786004,39.88576299999999,39.54566299999998,99.14731479500591,5.594337000000009,14.025899416791928,0.3401000000000012,0.8526852049940759,0.0,0.0
REDLAT_BE00134_Phonological2.txt,40.85679198462936,42.00060299999999,37.850252,90.1183537769684,13.009747999999998,30.975145761597755,4.150350999999996,9.8816462230316,0.0,0.0
REDLAT_BE00130_Phonological2.txt,120.15417529950993,17.908835000000003,10.630311000000006,59.35791468289257,14.239688999999997,79.5120899824025,7.278523999999997,40.64208531710743,0.0,0.0
REDLAT_BE00161_Phonological.txt,38.64787857387432,44.844714999999994,40.716592,90.79462763895368,13.203408000000005,29.44250621282799,4.128122999999997,9.20537236104633,0.0,0.0
REDLAT_BE00183_Fugu.txt,38.447325678708715,22.085210999999994,21.477019000000002,97.24615716825167,7.882981000000002,35.693482846960364,0.6081919999999974,2.7538428317483477,0.0,0.0
REDLAT_BE00132_Semantic2.txt,54.32791829874791,37.89307899999999,37.743279,99.60467714961882,20.436721000000002,53.93259544836672,0.14979999999999527,0.3953228503811878,0.0,0.0
REDLAT_BE00145_Semantic2.txt,199.02086846137323,19.744435999999993,19.504443999999992,98.78450820271594,39.05555600000001,197.80537666408918,0.23999199999999998,1.2154917972840555,0.0,0.0
REDLAT_BE00130_Semantic.txt,56.55730606105648,32.272772999999994,18.250081,56.549466635544476,4.229919000000002,13.106772696600949,14.022691999999992,43.45053336445553,0.0,0.0
REDLAT_BE00132_CraftDe.txt,43.28005228584837,19.396453,18.960829,97.75410483555937,7.959171000000003,41.03415712140773,0.4356240000000019,2.245895164440642,0.0,0.0
REDLAT_BE00216_CraftIm.txt,319.21405474953036,2.3627599999999993,2.0352489999999994,86.13862601364507,7.214751000000001,305.3526807631754,0.3275109999999999,13.86137398635494,0.0,0.0
REDLAT_BE00146_CraftDe.txt,55.814223846506984,95.377365,54.871608,57.53105886286543,12.728379,13.345282709372396,0.8857439999999943,0.928673171040104,39.620013,41.54026796609447
REDLAT_BE00183_CraftDe.txt,13.338210904195238,17.065872,16.964795,99.40772437529122,2.175205000000002,12.745935279486464,0.10107700000000008,0.592275624708776,0.0,0.0
REDLAT_BE00184_CraftDe.txt,46.11117985760288,17.301893,17.301893,100.0,7.978107000000001,46.11117985760287,0.0,0.0,0.0,0.0
REDLAT_BE00134_Phonological.txt,74.56620234217971,33.093020999999986,32.10840599999999,97.0247049974676,23.691594000000013,71.5909073396473,0.9846150000000022,2.975295002532415,0.0,0.0
REDLAT_BE00156_Semantic2.txt,191.52667484994296,8.640386000000003,8.475871000000001,98.09597626772691,16.384128999999998,189.62265111766988,0.16451500000000152,1.904023732273089,0.0,0.0
REDLAT_BE00149_Phonological2.txt,293.14590735902664,14.51100899999999,11.956105999999995,82.39334700984612,39.983526000000005,275.53925436887283,0.6745349999999952,4.64843623210485,1.8803680000000003,12.95821675804902
REDLAT_BE00160_Semantic.txt,154.35396967792835,24.872509,24.160401999999998,97.13697158577769,37.679598,151.49094126370602,0.7121070000000045,2.8630284142223226,0.0,0.0
REDLAT_BE00161_Phonological2.txt,193.75961141705045,19.950231999999986,19.407369999999982,97.27891886169543,38.11263000000002,191.03853027874587,0.5428620000000046,2.7210811383045823,0.0,0.0
REDLAT_BE00183_Semantic.txt,20.86887216048849,53.377886999999994,49.319261999999995,92.39643000480706,7.080738000000004,13.265302165295536,4.058624999999999,7.603569995192953,0.0,0.0
REDLAT_BE00216_Fugu.txt,53.346661382810524,44.591170999999996,40.185610999999994,90.12010696018724,19.382341000000004,43.466768342997774,1.123511999999998,2.5195839777340634,3.2820479999999996,7.360309062078679
REDLAT_BE00134_Semantic.txt,110.97380095365013,30.26392600000001,26.712778000000014,88.26606964344285,30.033880999999987,99.23987059709299,0.7778069999999938,2.570079638709114,2.7733409999999985,9.163850717848034
REDLAT_BE00145_Semantic.txt,77.53701948810276,34.29774600000001,33.39214800000001,97.35959908269191,25.687851999999992,74.89661857079467,0.9055979999999986,2.6404009173080887,0.0,0.0
REDLAT_BE00184_Fugu.txt,13.269242369087719,64.58965599999999,63.06954899999999,97.64651634001581,7.050451000000006,10.915758709103525,1.5201070000000005,2.353483659984194,0.0,0.0
REDLAT_BE00183_Semantic2.txt,127.5862357882215,25.30260400000001,24.039982000000016,95.00991281371675,31.020017999999986,122.59614860193827,1.2626219999999955,4.990087186283258,0.0,0.0
REDLAT_BE00156_Fugu.txt,72.74935704516065,95.17736899999997,56.59254299999998,59.46008341541779,30.656098000000043,32.20944046057845,7.133467000000003,7.49491930166719,31.451358999999982,33.04499728291501
REDLAT_BE00132_Phonological2.txt,298.96896428436446,15.137012000000011,13.73290600000001,90.72402135903704,43.85086199999999,289.69298564340147,0.44787400000000055,2.95880058759285,0.956232,6.317178053370106
REDLAT_BE00172_CraftDe.txt,22.83694462244881,15.875079,15.310086,96.44100668727381,3.0603900000000013,19.277951309722624,0.17546899999999965,1.1053110349876032,0.38952399999999976,2.4536822777385847
REDLAT_BE00149_Semantic2.txt,164.57569876959067,21.46651800000002,19.708923000000016,91.81238894915327,33.57107699999999,156.38808771874395,1.7575950000000033,8.187611050846728,0.0,0.0
REDLAT_BE00172_Phonological.txt,64.96589864885507,33.286511000000004,32.735815,98.34558809723254,21.074184999999996,63.31148674608761,0.5506960000000021,1.6544119027674664,0.0,0.0
REDLAT_BE00184_Semantic2.txt,137.59914683112163,24.815719999999992,22.063507999999985,88.90940097647777,31.394007000000006,126.50854780759944,0.4997269999999987,2.0137517670250906,2.252485000000007,9.076847256497123
REDLAT_BE00160_CraftIm.txt,79.95499834054687,22.14585,20.124568,90.87286331299092,15.685431999999999,70.8278616535378,2.0212819999999994,9.127136687009076,0.0,0.0
REDLAT_BE00183_CraftIm.txt,52.74505063950416,23.211029,23.074180000000002,99.41041390280458,12.105819999999998,52.15546454230874,0.136848999999998,0.5895860971954238,0.0,0.0
REDLAT_BE00183_Phonological2.txt,151.37502366193712,23.904424999999996,22.799547999999998,95.37793944008276,35.080452,146.75296310201983,1.1048769999999997,4.622060559917253,0.0,0.0
REDLAT_BE00156_Semantic.txt,46.469903569796685,35.196234000000004,22.900289,65.06460037741537,4.059710999999998,11.534503947212073,12.295944999999996,34.93539962258461,0.0,0.0
REDLAT_BE00145_Phonological2.txt,185.98187643982655,19.789710000000003,18.892218000000003,95.46485522021293,35.907782000000005,181.4467316600395,0.8974919999999997,4.535144779787069,0.0,0.0
REDLAT_BE00160_CraftDe.txt,42.441004379307515,16.379987,15.394077999999999,93.98101475904713,5.965922000000003,36.42201913835464,0.9859089999999997,6.018985240952876,0.0,0.0
REDLAT_BE00131_CraftDe.txt,37.73883718915009,4.304448999999999,2.68,62.2611628108499,0.0,0.0,1.624448999999999,37.7388371891501,0.0,0.0
REDLAT_BE00216_Semantic2.txt,45.53682468170488,45.824225000000006,35.27866400000001,76.9869299480788,10.321335999999986,22.523754629783667,10.545560999999996,23.013070051921215,0.0,0.0
REDLAT_BE00132_CraftIm.txt,18.378880562968952,21.132533000000002,20.824305,98.54145265028096,3.5756950000000005,16.920333213249922,0.3082279999999994,1.4585473497190298,0.0,0.0
REDLAT_BE00145_CraftIm.txt,4.38271404618134,26.100197,25.07815,96.08414066759725,0.12185,0.46685471377859716,1.0220470000000006,3.915859332402742,0.0,0.0
REDLAT_BE00132_Phonological.txt,252.36616861052764,17.04185400000001,16.666990000000016,97.80033322665483,42.633009999999985,250.1665018371825,0.3748639999999955,2.1996667733451725,0.0,0.0
REDLAT_BE00131_Semantic.txt,66.36774666060069,37.600026000000014,35.467868,94.32937094245624,22.822131999999996,60.697117603056945,2.132158000000002,5.67062905754374,0.0,0.0
REDLAT_BE00132_Semantic.txt,59.91781523161076,55.80304100000001,24.223539000000002,43.40899450264726,1.856460999999996,3.326809734258023,31.579502,56.59100549735273,0.0,0.0
REDLAT_BE00134_Semantic2.txt,123.08123219636772,25.30768700000002,24.329337000000013,96.13417852054198,30.170662999999987,119.2154107169097,0.9783500000000072,3.8658214794580257,0.0,0.0
REDLAT_BE00131_Semantic2.txt,113.44329884246017,18.890407999999997,15.988723,84.63937359108391,18.528217,98.08267243354408,0.5986249999999979,3.1689363194272877,2.30306,12.191690089488803
REDLAT_BE00161_Fugu.txt,12.236513406346075,57.01105999999999,56.277446999999995,98.71320933166301,6.242553000000005,10.949722738009092,0.7336129999999983,1.286790668336983,0.0,0.0
REDLAT_BE00131_CraftIm.txt,161.67223715584143,7.245025,3.894372,53.75236110296376,8.362541,115.42459825880518,1.6875660000000003,23.29275606364368,1.663086999999999,22.954882833392556
REDLAT_BE00149_Fugu.txt,68.07030041527979,36.860209000000005,31.273443000000004,84.84336863092663,19.504089,52.91366904620644,0.7442980000000006,2.0192451974431305,4.842467999999997,13.137386171630215
REDLAT_BE00184_Semantic.txt,24.250990634186394,47.864288,47.718362,99.69512551821516,11.461638000000004,23.946116152401565,0.145926,0.304874481784833,0.0,0.0
REDLAT_BE00156_CraftDe.txt,242.5853618103562,17.976130000000005,14.614335000000004,81.29856092495993,40.245664999999995,223.88392273531613,3.3617950000000025,18.701439075040074,0.0,0.0
REDLAT_BE00156_Phonological.txt,414.48815315938026,11.211850000000005,10.180030000000002,90.79705846938727,45.439969999999995,405.2852116287675,1.0318200000000033,9.202941530612724,0.0,0.0
REDLAT_BE00146_Semantic2.txt,67.23141622806828,34.96269499999999,34.87838999999999,99.75887156296162,23.421610000000012,66.99028779102989,0.08430500000000052,0.24112843703839348,0.0,0.0
REDLAT_BE00131_Fugu.txt,43.151919208291986,7.822782999999996,5.553550999999997,70.99201141077286,1.1064490000000005,14.143930619064866,2.269231999999998,29.00798858922712,0.0,0.0
REDLAT_BE00134_CraftDe.txt,20.308781774000106,37.154394999999994,37.154394999999994,100.0,7.5456050000000054,20.308781774000106,0.0,0.0,0.0,0.0
REDLAT_BE00131_Phonological.txt,282.4946997703559,15.423859999999994,11.478314999999997,74.41921153329972,39.626042000000005,256.91391130365565,1.8099020000000032,11.734429643422619,2.135642999999993,13.84635882327766
REDLAT_BE00164_CraftIm.txt,167.4196223122134,16.978467999999992,14.888181999999999,87.68860653387577,26.335001000000002,155.10822884608913,0.7034689999999983,4.143300797221508,1.386816999999997,8.168092668902739
REDLAT_BE00216_CraftDe.txt,374.4575835282966,4.270888000000001,1.6691120000000002,39.08114659059193,13.390887999999999,313.5387301188885,2.601776000000001,60.91885340940807,0.0,0.0
REDLAT_BE00149_Semantic.txt,96.81220815528563,30.779424999999986,28.62059199999999,92.98611653726476,27.63940800000001,89.79832469255038,2.158832999999998,7.013883462735249,0.0,0.0
REDLAT_BE00161_CraftIm.txt,4.9687016977053915,22.087459999999997,20.99,95.03129830229462,0.0,0.0,1.0974599999999992,4.968701697705392,0.0,0.0
REDLAT_BE00216_Semantic.txt,77.4667385091087,19.425843000000015,13.148638000000002,67.68631868382747,8.771361999999998,45.15305719293619,6.277205000000011,32.31368131617252,0.0,0.0
REDLAT_BE00145_Fugu.txt,7.40996164719005,46.809608000000004,45.250517,96.66929276570741,1.9094830000000016,4.079254412897458,1.559091000000004,3.330707234292592,0.0,0.0
REDLAT_BE00172_Semantic2.txt,82.95314767234039,32.62717300000001,32.120953000000014,98.44847115623533,26.559046999999985,81.40161882857572,0.506219999999999,1.5515288437646706,0.0,0.0
REDLAT_BE00161_Semantic2.txt,123.28167607847722,26.48463100000002,25.726967000000016,97.13923142821962,31.89303299999998,120.42090750669684,0.7576640000000049,2.860768571780382,0.0,0.0
REDLAT_BE00161_CraftDe.txt,25.478694216790032,19.033236,18.591908,97.6812771091579,4.408092000000001,23.159971325947943,0.4413279999999979,2.3187228908420927,0.0,0.0
REDLAT_BE00131_Phonological2.txt,75.93338293867905,28.55875,14.213125000000002,49.76802205978904,7.340000000000003,25.70140499846808,6.568750000000001,23.00083161903095,7.776874999999997,27.231146321180013
REDLAT_BE00160_Semantic2.txt,218.66565230558962,10.744366000000003,8.105064000000004,75.43547939450315,20.854935999999995,194.10113170009276,2.6393019999999976,24.564520605496845,0.0,0.0
REDLAT_BE00172_Fugu.txt,7.423615420526228,59.864079000000004,55.42,92.57638457947377,0.0,0.0,1.3440790000000042,2.245217870970677,3.1,5.178397549555552
REDLAT_BE00146_Semantic.txt,58.43963676998211,42.027803999999996,39.44845399999999,93.8627533334837,21.98154600000001,52.30239010346581,2.5793500000000025,6.137246666516296,0.0,0.0
REDLAT_BE00160_Phonological2.txt,174.52957937057104,13.627910000000007,12.761588000000003,93.64303110308181,22.918411999999996,168.17261047365287,0.8663220000000038,6.356968896918188,0.0,0.0
REDLAT_BE00146_Phonological.txt,130.267078519148,23.732122,17.908490000000004,75.46097226366864,25.091509999999996,105.72805078281661,5.8236319999999955,24.539027736331356,0.0,0.0
REDLAT_BE00134_CraftIm.txt,57.94147460263769,13.912113999999999,13.345614999999999,95.92801640354585,7.494385,53.86949100618354,0.5664990000000008,4.071983596454146,0.0,0.0
REDLAT_BE00149_Phonological.txt,93.77642943208966,42.02417200000001,41.85770200000001,99.60387083890672,39.24229799999999,93.38030027099639,0.16647,0.39612916109328694,0.0,0.0
REDLAT_BE00187_CraftIm.txt,46.72432986236532,17.244853,15.440411,89.53634455451723,6.2531,36.26067441688253,0.7179530000000014,4.163288605591485,1.0864890000000003,6.300366839891302
REDLAT_BE00130_Semantic2.txt,79.93750725586531,30.010204000000005,26.93112600000001,89.73989646988072,20.910330999999992,69.67740372574605,1.4905349999999942,4.9667606391479175,1.5885429999999998,5.29334289097135
REDLAT_BE00161_Semantic.txt,129.1804139675444,24.881853999999997,24.229685999999997,97.37894129593397,31.490314000000005,126.55935526347838,0.6521679999999995,2.6210587040660216,0.0,0.0
REDLAT_BE00184_Phonological.txt,110.75240492367111,29.200406999999995,27.480127,94.1087122518532,30.619873000000002,104.86111717552433,1.7202799999999976,5.891287748146791,0.0,0.0
REDLAT_BE00164_CraftDe.txt,84.07109937531328,2.126826,0.5785999999999998,27.20485831939236,0.23982000000000037,11.27595769470565,1.2266460000000003,57.67495789500413,0.32157999999999975,15.120183785603512
REDLAT_BE00160_Fugu.txt,19.005096683315298,43.782787000000006,42.910912999999994,98.00863750404922,7.449087,17.01373418736454,0.8718740000000031,1.9913624959507557,0.0,0.0
REDLAT_BE00184_Phonological2.txt,93.05607607584454,35.285208,30.37508900000001,86.08448333363945,27.924910999999994,79.14055940948398,4.910118999999989,13.91551666636056,0.0,0.0
REDLAT_BE00134_Fugu.txt,31.49002338284057,42.836113,40.555645999999996,94.67629801051277,11.208635000000008,26.166321393353336,1.964748000000002,4.58666266007843,0.31571899999999964,0.737039329408809
REDLAT_BE00216_Phonological.txt,468.6923199785693,8.533609,6.402486000000005,75.02670909810848,37.865247,443.7190290766778,1.618855999999995,18.97035591858023,0.5122670000000005,6.002934983311287
REDLAT_BE00172_Semantic.txt,39.785313672889984,43.372301,41.93820899999999,96.693530278691,15.821714,36.478843951580984,1.234014999999998,2.8451683944552495,0.20007700000000028,0.4613013268537454
REDLAT_BE00172_CraftIm.txt,28.872083862458066,22.403350000000003,21.932518,97.89838573249088,5.997481999999998,26.770469594948956,0.470832000000001,2.1016142675091047,0.0,0.0
REDLAT_BE00172_Phonological2.txt,24.82287722173851,47.484717,46.62882200000001,98.19753585137721,10.931177999999992,23.020413073115698,0.8558950000000015,1.8024641486228117,0.0,0.0
REDLAT_BE00149_CraftIm.txt,112.39505061611614,8.448001,7.096433,84.00132765135801,8.143567,96.39637826747416,1.3515679999999994,15.998672348641998,0.0,0.0
TOTAL,76.92429648828895,2711.678882,2372.4314560000003,87.48939528747637,1746.6924769999991,64.41369177576533,202.66135899999992,7.473648902355537,136.58606699999999,5.036955810168085
